X,Y,ROADNO,CLASS,REGION,WIDTH,LANES,SURFTYPE,PAVETYPE,CONDITION,length_1,segment_id
18.65304738,-33.97515903,R300,Primary,Western Cape,20.2,2,Paved,FLEX,Good,471.207,D1U6OOF
18.6538966201009,-33.9709889694751,R300,Primary,Western Cape,20.2,2,Paved,FLEX,Good,471.207,NG4X2MD
18.6547258802635,-33.9669029686826,R300,Primary,Western Cape,20.2,2,Paved,FLEX,Good,471.207,792705Z
18.655574039424,-33.9627349828801,R300,Primary,Western Cape,20.2,2,Paved,FLEX,Good,471.207,IK67XHB
18.65641896,-33.958566,R300,Primary,Western Cape,20.2,2,Paved,FLEX,Good,471.207,OWCF2MH
18.65726604,-33.954399,R300,Primary,Western Cape,20.2,2,Paved,FLEX,Good,471.207,MORJH71
18.6580940393187,-33.9503175033658,R300,Primary,Western Cape,20.2,2,Paved,FLEX,Good,471.207,49ZDYOH
18.6589439990726,-33.9461479846368,R300,Primary,Western Cape,20.2,2,Paved,FLEX,Good,471.207,KL4UM68
18.6597950412238,-33.9419809731994,R300,Primary,Western Cape,20.2,2,Paved,FLEX,Good,471.207,V5A8ZZZ
18.5477264997742,-33.7941180029713,N7,Primary,Western Cape,12.8,2,Paved,FLEX,Very Good,496.079,0
18.54842742,-33.78974598,N7,Primary,Western Cape,12.8,2,Paved,FLEX,Very Good,496.079,0
18.54900252,-33.78527496,N7,Primary,Western Cape,12.8,2,Paved,FLEX,Very Good,496.079,0
19.119131458105,-33.7322575337989,N1,Primary,Western Cape,20.2,2,Paved,FLEX,Good,469.92,XYFQJ1Q
19.1225892208738,-33.7330234867501,N1,Primary,Western Cape,20.2,2,Paved,FLEX,Good,469.92,0
19.1275050606263,-33.7322139747261,N1,Primary,Western Cape,20.2,2,Paved,FLEX,Good,469.92,0
18.6631534776968,-33.8752215010194,N1,Primary,Western Cape,20.2,2,Paved,FLEX,Very Good,510.525,HN83F3L
18.6673694390514,-33.8734165054285,N1,Primary,Western Cape,20.2,2,Paved,FLEX,Very Good,510.525,WLFBY9T
18.67160358,-33.87160998,N1,Primary,Western Cape,20.2,2,Paved,FLEX,Very Good,510.525,JCFWX6E
18.675830520464,-33.8697890097952,N1,Primary,Western Cape,20.2,2,Paved,FLEX,Very Good,510.525,YQRHLO2
18.6803440219087,-33.8678614790232,N1,Primary,Western Cape,20.2,2,Paved,FLEX,Very Good,510.525,XKFABCI
18.683965440156,-33.8655750298972,N1,Primary,Western Cape,20.2,2,Paved,FLEX,Very Good,510.525,UXERJVK
18.68780646,-33.863085495,N1,Primary,Western Cape,20.2,2,Paved,FLEX,Very Good,510.525,RZK0UM0
18.7309701014986,-33.8368924795826,N1,Primary,Western Cape,20.2,2,Paved,FLEX,Very Good,548.918,ZL4WLO2
18.7356679193431,-33.8355774901902,N1,Primary,Western Cape,20.2,2,Paved,FLEX,Very Good,548.918,LAZLJ7E
18.740424923003,-33.834248009572,N1,Primary,Western Cape,20.2,2,Paved,FLEX,Very Good,548.918,G850GMA
18.7451884803986,-33.832921994884,N1,Primary,Western Cape,20.2,2,Paved,FLEX,Very Good,548.918,S4MOE5G
18.7499039443262,-33.8316124937656,N1,Primary,Western Cape,20.2,2,Paved,FLEX,Very Good,548.918,BN3EJU4
18.75471894,-33.83026749,N1,Primary,Western Cape,20.2,2,Paved,FLEX,Very Good,548.918,DD8YXZF
18.7594315215038,-33.8289524995767,N1,Primary,Western Cape,20.2,2,Paved,FLEX,Very Good,548.918,G181X8F
18.764244,-33.827597505,N1,Primary,Western Cape,20.2,2,Paved,FLEX,Very Good,548.918,V19MLWF
18.7689560371946,-33.8262880058224,N1,Primary,Western Cape,20.2,2,Paved,FLEX,Very Good,548.918,L4CWZBU
18.7736700587174,-33.8249774703573,N1,Primary,Western Cape,20.2,2,Paved,FLEX,Very Good,548.918,BUJJNEA
18.778386059574,-33.8236590151172,N1,Primary,Western Cape,20.2,2,Paved,FLEX,Very Good,548.918,KFYGRO8
18.62959302,-34.004421,R300,Primary,Western Cape,20.2,2,Paved,FLEX,Very Good,539.311,QM4QKAZ
18.63308502,-34.0010325,R300,Primary,Western Cape,20.2,2,Paved,FLEX,Very Good,539.311,HB933EE
18.63652806,-33.997675005,R300,Primary,Western Cape,20.2,2,Paved,FLEX,Very Good,539.311,M43AKN2
18.6400479605781,-33.9942609894368,R300,Primary,Western Cape,20.2,2,Paved,FLEX,Very Good,539.311,MM6HDEQ
18.6434960397597,-33.9909060152268,R300,Primary,Western Cape,20.2,2,Paved,FLEX,Very Good,539.311,Z13SS1G
18.6469770619709,-33.9875149930367,R300,Primary,Western Cape,20.2,2,Paved,FLEX,Very Good,539.311,HSJ0WM7
18.6505126227472,-33.9838950112069,R300,Primary,Western Cape,20.2,2,Paved,FLEX,Very Good,539.311,IXSLKS7
18.6521389201048,-33.9795929694758,R300,Primary,Western Cape,20.2,2,Paved,FLEX,Very Good,539.311,WHW1BZK
18.6031425630796,-34.0188569994147,R300,Primary,Western Cape,20.2,2,Paved,FLEX,Very Good,584.9,0
18.6083154,-34.01791101,R300,Primary,Western Cape,20.2,2,Paved,FLEX,Very Good,584.9,0
18.6140075399038,-34.0168699800184,R300,Primary,Western Cape,20.2,2,Paved,FLEX,Very Good,584.9,NCMIGB7
18.6186790804719,-34.0148830046549,R300,Primary,Western Cape,20.2,2,Paved,FLEX,Very Good,584.9,9PORL0H
18.6222000587043,-34.0115989962542,R300,Primary,Western Cape,20.2,2,Paved,FLEX,Very Good,584.9,AEDN7D7
18.62599806,-34.00791399,R300,Primary,Western Cape,20.2,2,Paved,FLEX,Very Good,584.9,3YS1KQ9
18.65780748,-33.95306898,R300,Primary,Western Cape,20.2,2,Paved,FLEX,Good,506.654,TD8YB0R
18.6587060405723,-33.94863247217,R300,Primary,Western Cape,20.2,2,Paved,FLEX,Good,506.654,YQCBO2Y
18.65960496,-33.94419399,R300,Primary,Western Cape,20.2,2,Paved,FLEX,Good,506.654,T182CUC
18.6605308799909,-33.9396689700445,R300,Primary,Western Cape,20.2,2,Paved,FLEX,Good,506.654,0W39BFY
18.66143502,-33.935233995,R300,Primary,Western Cape,20.2,2,Paved,FLEX,Good,506.654,6A90XDM
18.66232746,-33.930797535,R300,Primary,Western Cape,20.2,2,Paved,FLEX,Good,506.654,OBXISZN
18.66324762,-33.92627499,R300,Primary,Western Cape,20.2,2,Paved,FLEX,Good,506.654,O271SQN
18.66432762,-33.921964485,R300,Primary,Western Cape,20.2,2,Paved,FLEX,Good,506.654,74A6FL0
18.6665185800581,-33.9179489998988,R300,Primary,Western Cape,20.2,2,Paved,FLEX,Good,506.654,LFUJ30W
18.6688400404136,-33.913987469273,R300,Primary,Western Cape,20.2,2,Paved,FLEX,Good,506.654,WJBR1L2
18.67110264,-33.910099965,R300,Primary,Western Cape,20.2,2,Paved,FLEX,Good,506.654,GPYNUA8
18.673419960651,-33.9061399638696,R300,Primary,Western Cape,20.2,2,Paved,FLEX,Good,506.654,5Y5V87D
18.6757360198074,-33.9021725403259,R300,Primary,Western Cape,20.2,2,Paved,FLEX,Good,506.654,OD60AK9
18.67755996,-33.898054005,R300,Primary,Western Cape,20.2,2,Paved,FLEX,Good,506.654,IQEYE3S
18.677568961425,-33.8935810119612,R300,Primary,Western Cape,20.2,2,Paved,FLEX,Good,506.654,QDRC5UW
18.67628358,-33.88920948,R300,Primary,Western Cape,20.2,2,Paved,FLEX,Good,506.654,FWO1XRQ
18.6749825399799,-33.884837504928,R300,Primary,Western Cape,20.2,2,Paved,FLEX,Good,506.654,92BILMX
18.6736863592587,-33.8804710171681,R300,Primary,Western Cape,20.2,2,Paved,FLEX,Good,506.654,0TAWLCK
18.67269564,-33.87605004,R300,Primary,Western Cape,20.2,2,Paved,FLEX,Good,506.654,6SV0XZ0
18.53096112,-33.88308696,N7,Primary,Western Cape,12.8,2,Paved,FLEX,Very Good,487.413,8ITYQ2Z
18.530505,-33.87878199,N7,Primary,Western Cape,12.8,2,Paved,FLEX,Very Good,487.413,CJ0BLSW
18.5300440199728,-33.8743829697044,N7,Primary,Western Cape,12.8,2,Paved,FLEX,Very Good,487.413,ZT6MOAL
18.5295841199467,-33.8700779993938,N7,Primary,Western Cape,12.8,2,Paved,FLEX,Very Good,487.413,1G21L7Q
18.5295214798416,-33.8656680019797,N7,Primary,Western Cape,12.8,2,Paved,FLEX,Very Good,487.413,JJGXEJ4
18.5301916192661,-33.8613830139035,N7,Primary,Western Cape,12.8,2,Paved,FLEX,Very Good,487.413,JRZWRIW
18.5310135,-33.857023995,N7,Primary,Western Cape,12.8,2,Paved,FLEX,Very Good,487.413,SPPGKO2
18.53181342,-33.85275102,N7,Primary,Western Cape,12.8,2,Paved,FLEX,Very Good,487.413,LK5JIX6
18.5326635598869,-33.848496000432,N7,Primary,Western Cape,12.8,2,Paved,FLEX,Very Good,487.413,WO118LR
18.5340929388148,-33.8443359782521,N7,Primary,Western Cape,12.8,2,Paved,FLEX,Very Good,487.413,IQS1GLY
18.53567496,-33.840213525,N7,Primary,Western Cape,12.8,2,Paved,FLEX,Very Good,487.413,77YRHPV
18.53729154,-33.836112495,N7,Primary,Western Cape,12.8,2,Paved,FLEX,Very Good,487.413,5HTE1IC
18.53884152,-33.83207748,N7,Primary,Western Cape,12.8,2,Paved,FLEX,Very Good,487.413,1BJRIL1
18.540378900356,-33.827952509056,N7,Primary,Western Cape,12.8,2,Paved,FLEX,Very Good,487.413,VODEAWO
18.54196344,-33.82383951,N7,Primary,Western Cape,12.8,2,Paved,FLEX,Very Good,487.413,812PNMZ
18.54351,-33.819805485,N7,Primary,Western Cape,12.8,2,Paved,FLEX,Very Good,487.413,K2E55RT
18.5450864397262,-33.8156855107024,N7,Primary,Western Cape,12.8,2,Paved,FLEX,Very Good,487.413,XZZ3D4U
18.54653454,-33.811532505,N7,Primary,Western Cape,12.8,2,Paved,FLEX,Very Good,487.413,EVANFZB
18.54739404,-33.80726799,N7,Primary,Western Cape,12.8,2,Paved,FLEX,Very Good,487.413,EUXS47I
18.547605,-33.80272497,N7,Primary,Western Cape,12.8,2,Paved,FLEX,Very Good,487.413,CK5WH39
18.54763254,-33.79853196,N7,Primary,Western Cape,12.8,2,Paved,FLEX,Very Good,487.413,0
19.1181583809188,-33.7297735339355,N1,Primary,Western Cape,20.2,2,Paved,FLEX,Good,575.848,CJJI1XY
19.1211814780645,-33.7272525007778,N1,Primary,Western Cape,20.2,2,Paved,FLEX,Good,575.848,QBSA1OR
19.1275669579473,-33.7263519591909,N1,Primary,Western Cape,20.2,2,Paved,FLEX,Good,575.848,43RCYZH
19.1343100008106,-33.7261249797215,N1,Primary,Western Cape,20.2,2,Paved,FLEX,Good,575.848,H983665
19.13538852,-33.72641748,N1,Primary,Western Cape,20.2,2,Paved,FLEX,Good,575.848,0
19.1424384,-33.725434005,N1,Primary,Western Cape,20.2,2,Paved,FLEX,Good,575.848,0
19.1460398103385,-33.7246880399877,N1,Primary,Western Cape,20.2,2,Paved,FLEX,Good,575.848,4NSOFJG
19.1541309101096,-33.7245550199886,N1,Primary,Western Cape,20.2,2,Paved,FLEX,Good,575.848,0
19.1583815400001,-33.724335015,N1,Primary,Western Cape,20.2,2,Paved,FLEX,Good,575.848,0
19.1640339,-33.724584,N1,Primary,Western Cape,20.2,2,Paved,FLEX,Good,575.848,0
19.16903754,-33.72452901,N1,Primary,Western Cape,20.2,2,Paved,FLEX,Good,575.848,0
19.17168858,-33.723774,N1,Primary,Western Cape,20.2,2,Paved,FLEX,Good,575.848,0
19.1803218925494,-33.7232950194227,N1,Primary,Western Cape,20.2,2,Paved,FLEX,Good,575.848,0
19.1825865,-33.72173352,N1,Primary,Western Cape,20.2,2,Paved,FLEX,Good,575.848,0
18.60173658,-34.01933904,R300,Primary,Western Cape,20.2,2,Paved,FLEX,Very Good,555.17,0
18.6066975615199,-34.0184369697111,R300,Primary,Western Cape,20.2,2,Paved,FLEX,Very Good,555.17,PH8DIYU
18.6115505439195,-34.0175500192525,R300,Primary,Western Cape,20.2,2,Paved,FLEX,Very Good,555.17,5VK3U7Q
18.6169946430814,-34.016149528541,R300,Primary,Western Cape,20.2,2,Paved,FLEX,Very Good,555.17,2FN9T8O
18.620541,-34.013556,R300,Primary,Western Cape,20.2,2,Paved,FLEX,Very Good,555.17,50TVADD
18.624054957392,-34.0101390175374,R300,Primary,Western Cape,20.2,2,Paved,FLEX,Very Good,555.17,DRFEFT4
18.66065994,-33.937722,R300,Primary,Western Cape,20.2,2,Paved,FLEX,Fair,493.974,G2LL3S8
18.6615410403097,-33.9333740084855,R300,Primary,Western Cape,20.2,2,Paved,FLEX,Fair,493.974,9484GS3
18.6624291601083,-33.9290275044647,R300,Primary,Western Cape,20.2,2,Paved,FLEX,Fair,493.974,P7RBBFB
18.6633089996496,-33.9246760067117,R300,Primary,Western Cape,20.2,2,Paved,FLEX,Fair,493.974,XTTWKZM
18.6647243406174,-33.9205409988738,R300,Primary,Western Cape,20.2,2,Paved,FLEX,Fair,493.974,2M1UBKJ
18.6669849575647,-33.9166560193331,R300,Primary,Western Cape,20.2,2,Paved,FLEX,Fair,493.974,Q0VL8BD
18.6692110205113,-33.9128539641245,R300,Primary,Western Cape,20.2,2,Paved,FLEX,Fair,493.974,6EAJWW6
18.67142736,-33.909052005,R300,Primary,Western Cape,20.2,2,Paved,FLEX,Fair,493.974,VU4GFO5
18.6737009408363,-33.9051824985853,R300,Primary,Western Cape,20.2,2,Paved,FLEX,Fair,493.974,2Q8T4YB
18.6759584999301,-33.9012910351215,R300,Primary,Western Cape,20.2,2,Paved,FLEX,Fair,493.974,LUOEP7G
18.6774566408349,-33.8971769942023,R300,Primary,Western Cape,20.2,2,Paved,FLEX,Fair,493.974,RY0TRQ8
18.6771355203708,-33.8928874663098,R300,Primary,Western Cape,20.2,2,Paved,FLEX,Fair,493.974,4ZR4GL4
18.6758550000207,-33.8886109800703,R300,Primary,Western Cape,20.2,2,Paved,FLEX,Fair,493.974,WG6X4Y0
18.674551619467,-33.8843374632429,R300,Primary,Western Cape,20.2,2,Paved,FLEX,Fair,493.974,JZGFZ7Z
18.6732950402112,-33.8801465257093,R300,Primary,Western Cape,20.2,2,Paved,FLEX,Fair,493.974,NRWU3QW
18.6717725990957,-33.8759305175185,R300,Primary,Western Cape,20.2,2,Paved,FLEX,Fair,493.974,PD4MTSH
18.7820870442437,-33.8223785388551,N1,Primary,Western Cape,20.2,2,Paved,FLEX,Very Good,592.25,31F34EZ
18.7872084015001,-33.8209519945633,N1,Primary,Western Cape,20.2,2,Paved,FLEX,Very Good,592.25,RO046L9
18.792327417384,-33.8195124907494,N1,Primary,Western Cape,20.2,2,Paved,FLEX,Very Good,592.25,IKN5JDM
18.7975375189427,-33.8180700153144,N1,Primary,Western Cape,20.2,2,Paved,FLEX,Very Good,592.25,AZ1BUKH
18.8026515,-33.816640995,N1,Primary,Western Cape,20.2,2,Paved,FLEX,Very Good,592.25,RB56HQI
18.80777502,-33.815209005,N1,Primary,Western Cape,20.2,2,Paved,FLEX,Very Good,592.25,9LMPLRW
18.81289746,-33.81377346,N1,Primary,Western Cape,20.2,2,Paved,FLEX,Very Good,592.25,J2L78G3
18.8180125178687,-33.8123425056295,N1,Primary,Western Cape,20.2,2,Paved,FLEX,Very Good,592.25,EJUD4D6
18.823158,-33.81091848,N1,Primary,Western Cape,20.2,2,Paved,FLEX,Very Good,592.25,VMCY8BI
18.82824894,-33.80948154,N1,Primary,Western Cape,20.2,2,Paved,FLEX,Very Good,592.25,PRUSMVO
18.8333558991406,-33.8080540052361,N1,Primary,Western Cape,20.2,2,Paved,FLEX,Very Good,592.25,E4L0I98
18.83847096,-33.806619,N1,Primary,Western Cape,20.2,2,Paved,FLEX,Very Good,592.25,JTY12HG
18.8435916033713,-33.8051820140187,N1,Primary,Western Cape,20.2,2,Paved,FLEX,Very Good,592.25,TRTR582
18.8487174598596,-33.8037464700375,N1,Primary,Western Cape,20.2,2,Paved,FLEX,Very Good,592.25,XOI733I
18.8538485403342,-33.802316999906,N1,Primary,Western Cape,20.2,2,Paved,FLEX,Very Good,592.25,SY568EU
18.8589740380553,-33.8008824905512,N1,Primary,Western Cape,20.2,2,Paved,FLEX,Very Good,592.25,LC8FONX
18.8638045179301,-33.7996274854129,N1,Primary,Western Cape,20.2,2,Paved,FLEX,Very Good,592.25,XTZ54JY
18.8694144006904,-33.7986559798818,N1,Primary,Western Cape,20.2,2,Paved,FLEX,Very Good,592.25,AGD8UQ2
18.874647,-33.79777497,N1,Primary,Western Cape,20.2,2,Paved,FLEX,Very Good,592.25,ULMQMUT
18.8798745648548,-33.796892474123,N1,Primary,Western Cape,20.2,2,Paved,FLEX,Very Good,592.25,T64WM0N
18.8851455003581,-33.7959319949314,N1,Primary,Western Cape,20.2,2,Paved,FLEX,Very Good,592.25,WAC029P
18.890287558133,-33.7948725153724,N1,Primary,Western Cape,20.2,2,Paved,FLEX,Very Good,592.25,P66KAPS
18.895535462445,-33.7938010194875,N1,Primary,Western Cape,20.2,2,Paved,FLEX,Very Good,592.25,0
18.9007813814243,-33.7927260147063,N1,Primary,Western Cape,20.2,2,Paved,FLEX,Very Good,592.25,B8NRA4K
18.9059205620109,-33.7916709895799,N1,Primary,Western Cape,20.2,2,Paved,FLEX,Very Good,592.25,956JU5F
18.9111625231663,-33.7905959843358,N1,Primary,Western Cape,20.2,2,Paved,FLEX,Very Good,592.25,TBPN1BF
18.9164075402022,-33.7895260199576,N1,Primary,Western Cape,20.2,2,Paved,FLEX,Very Good,592.25,KVOVDD8
18.9216022027963,-33.7884630301767,N1,Primary,Western Cape,20.2,2,Paved,FLEX,Very Good,592.25,Q9S9V3Q
18.92679246,-33.787402515,N1,Primary,Western Cape,20.2,2,Paved,FLEX,Very Good,592.25,5QOCGMJ
18.93203748,-33.78632697,N1,Primary,Western Cape,20.2,2,Paved,FLEX,Very Good,592.25,J6A19TW
18.9372267690641,-33.7852629895871,N1,Primary,Western Cape,20.2,2,Paved,FLEX,Very Good,592.25,F47NAGJ
18.9428445,-33.784101495,N1,Primary,Western Cape,20.2,2,Paved,FLEX,Very Good,592.25,F055OA5
18.9477734412065,-33.7823365043886,N1,Primary,Western Cape,20.2,2,Paved,FLEX,Very Good,592.25,WJXP54Z
18.95194746,-33.779628495,N1,Primary,Western Cape,20.2,2,Paved,FLEX,Very Good,592.25,4UAL23D
19.0015385407804,-33.743868524523,N1,Primary,Western Cape,20.2,2,Paved,FLEX,Good,523.482,GVQD9D6
19.0056025809235,-33.7420459797075,N1,Primary,Western Cape,20.2,2,Paved,FLEX,Good,523.482,3NAG1R5
19.0092535179562,-33.741291015228,N1,Primary,Western Cape,20.2,2,Paved,FLEX,Good,523.482,2MHBCT2
19.0157954403469,-33.741684990079,N1,Primary,Western Cape,20.2,2,Paved,FLEX,Good,523.482,Z2I5UQC
19.0202425238688,-33.7426870061503,N1,Primary,Western Cape,20.2,2,Paved,FLEX,Good,523.482,M2KOUEK
19.0240983670576,-33.7436970283913,N1,Primary,Western Cape,20.2,2,Paved,FLEX,Good,523.482,4KQ8VO6
19.0301094035628,-33.7439024993533,N1,Primary,Western Cape,20.2,2,Paved,FLEX,Good,523.482,6E6M9NN
18.9762958797945,-33.7620424951476,N1,Primary,Western Cape,20.2,2,Paved,FLEX,Very Good,496.447,GLFV0XV
18.9799610380502,-33.759390016426,N1,Primary,Western Cape,20.2,2,Paved,FLEX,Very Good,496.447,GWBXECK
18.98354898,-33.756800985,N1,Primary,Western Cape,20.2,2,Paved,FLEX,Very Good,496.447,NI13YQX
18.9871419624063,-33.7542110082549,N1,Primary,Western Cape,20.2,2,Paved,FLEX,Very Good,496.447,8EI7FOX
18.9908110830655,-33.7515569977614,N1,Primary,Western Cape,20.2,2,Paved,FLEX,Very Good,496.447,C6FASR5
18.994401,-33.748960995,N1,Primary,Western Cape,20.2,2,Paved,FLEX,Very Good,496.447,6VRO5T2
18.9979874984118,-33.7463720111753,N1,Primary,Western Cape,20.2,2,Paved,FLEX,Very Good,496.447,I6G60AH
18.6217441144895,-33.9967475078019,N2,Primary,Western Cape,20.2,2,Paved,FLEX,Very Good,569.263,QORS7OP
18.62652762,-33.998632515,N2,Primary,Western Cape,20.2,2,Paved,FLEX,Very Good,569.263,GDVJYQW
18.631308418839,-34.0005159895447,N2,Primary,Western Cape,20.2,2,Paved,FLEX,Very Good,569.263,L2X64FB
18.63600498,-34.002364005,N2,Primary,Western Cape,20.2,2,Paved,FLEX,Very Good,569.263,DZABHQW
18.6407809169855,-34.0042419887698,N2,Primary,Western Cape,20.2,2,Paved,FLEX,Very Good,569.263,XINDPM1
18.6456501003021,-34.0061750101256,N2,Primary,Western Cape,20.2,2,Paved,FLEX,Very Good,569.263,MX8CVMX
18.6502275,-34.008228495,N2,Primary,Western Cape,20.2,2,Paved,FLEX,Very Good,569.263,4K0TGLP
18.654848463541,-34.010382511709,N2,Primary,Western Cape,20.2,2,Paved,FLEX,Very Good,569.263,WS0J1CU
18.6594918739652,-34.0125450322044,N2,Primary,Western Cape,20.2,2,Paved,FLEX,Very Good,569.263,V59S0GZ
18.6641755164505,-34.0147224883194,N2,Primary,Western Cape,20.2,2,Paved,FLEX,Very Good,569.263,ON7Z6I0
18.66880044,-34.01687853,N2,Primary,Western Cape,20.2,2,Paved,FLEX,Very Good,569.263,PCIQQ7E
18.6734264399634,-34.0190264699831,N2,Primary,Western Cape,20.2,2,Paved,FLEX,Very Good,569.263,K48Y5T9
18.6780506393404,-34.0211725196877,N2,Primary,Western Cape,20.2,2,Paved,FLEX,Very Good,569.263,5OR8UGL
18.6827751001849,-34.0231614750712,N2,Primary,Western Cape,20.2,2,Paved,FLEX,Very Good,569.263,AAS3KXB
18.6875614818653,-34.0250460307289,N2,Primary,Western Cape,20.2,2,Paved,FLEX,Very Good,569.263,UEP9HM4
18.6922549781638,-34.0268959792745,N2,Primary,Western Cape,20.2,2,Paved,FLEX,Very Good,569.263,Z4HC8K2
18.69703902,-34.028779005,N2,Primary,Western Cape,20.2,2,Paved,FLEX,Very Good,569.263,727J2TV
18.7018264792317,-34.0306609946991,N2,Primary,Western Cape,20.2,2,Paved,FLEX,Very Good,569.263,I8VWS8W
18.7065669558308,-34.0325270101186,N2,Primary,Western Cape,20.2,2,Paved,FLEX,Very Good,569.263,WWFC10X
18.71130258,-34.034393475,N2,Primary,Western Cape,20.2,2,Paved,FLEX,Very Good,569.263,JT4HGZ2
18.7160911186538,-34.036277489463,N2,Primary,Western Cape,20.2,2,Paved,FLEX,Very Good,569.263,MRQ81XJ
18.72088002,-34.0381575,N2,Primary,Western Cape,20.2,2,Paved,FLEX,Very Good,569.263,BC5XKSB
18.7255540802865,-34.0400189701111,N2,Primary,Western Cape,20.2,2,Paved,FLEX,Very Good,569.263,0ICKV72
18.7299640808259,-34.0417359903203,N2,Primary,Western Cape,20.2,2,Paved,FLEX,Very Good,569.263,8LSZDSC
18.7347851408455,-34.0428719696931,N2,Primary,Western Cape,20.2,2,Paved,FLEX,Very Good,569.263,OCFS8ZD
18.7404165023313,-34.0434625052414,N2,Primary,Western Cape,20.2,2,Paved,FLEX,Very Good,569.263,IUTMY1U
18.7459936223594,-34.044036480286,N2,Primary,Western Cape,20.2,2,Paved,FLEX,Very Good,569.263,F5UCVMI
18.750982500801,-34.0451744852833,N2,Primary,Western Cape,20.2,2,Paved,FLEX,Very Good,569.263,VUYACXV
18.75517254,-34.047216,N2,Primary,Western Cape,20.2,2,Paved,FLEX,Very Good,569.263,VWOSZKP
18.7594484427405,-34.0498189816364,N2,Primary,Western Cape,20.2,2,Paved,FLEX,Very Good,569.263,3GCD5AD
18.7639115412399,-34.0525150207718,N2,Primary,Western Cape,20.2,2,Paved,FLEX,Very Good,569.263,GMEHC97
18.76832496,-34.05519,N2,Primary,Western Cape,20.2,2,Paved,FLEX,Very Good,569.263,WELMR24
18.7723499370733,-34.0575405285983,N2,Primary,Western Cape,20.2,2,Paved,FLEX,Very Good,569.263,0F3OY57
18.7765506022122,-34.0589439904621,N2,Primary,Western Cape,20.2,2,Paved,FLEX,Very Good,569.263,3IQ1GWG
18.7835113800281,-34.0590799799958,N2,Primary,Western Cape,20.2,2,Paved,FLEX,Very Good,569.263,SQ3W7J8
18.787460042357,-34.0585254896673,N2,Primary,Western Cape,20.2,2,Paved,FLEX,Very Good,569.263,WVXBO5X
18.7938929428702,-34.0587369890859,N2,Primary,Western Cape,20.2,2,Paved,FLEX,Very Good,569.263,MRHTO2C
18.797442480164,-34.0605199800992,N2,Primary,Western Cape,20.2,2,Paved,FLEX,Very Good,569.263,QXDLKB7
18.8018490590728,-34.0631340294532,N2,Primary,Western Cape,20.2,2,Paved,FLEX,Very Good,569.263,0PU7VDI
18.8062509605862,-34.0657450203604,N2,Primary,Western Cape,20.2,2,Paved,FLEX,Very Good,569.263,XW393UI
18.8106474606562,-34.0683640203839,N2,Primary,Western Cape,20.2,2,Paved,FLEX,Very Good,569.263,MC84I0T
18.8148526190952,-34.0713134991457,N2,Primary,Western Cape,20.2,2,Paved,FLEX,Very Good,569.263,GH5QX19
18.81858006,-34.07469453,N2,Primary,Western Cape,20.2,2,Paved,FLEX,Very Good,569.263,YMQX3CJ
18.8224009172842,-34.0781435074743,N2,Primary,Western Cape,20.2,2,Paved,FLEX,Very Good,569.263,WRJK3P3
18.8261200790397,-34.0815265191329,N2,Primary,Western Cape,20.2,2,Paved,FLEX,Very Good,569.263,YNCIDMW
18.829798557091,-34.0839769938014,N2,Primary,Western Cape,20.2,2,Paved,FLEX,Very Good,569.263,3L7MZUR
18.8359459184352,-34.0859124885017,N2,Primary,Western Cape,20.2,2,Paved,FLEX,Very Good,569.263,8LOVJZ3
18.83908584,-34.08888402,N2,Primary,Western Cape,20.2,2,Paved,FLEX,Very Good,569.263,Q03FQ74
18.6215889638511,-33.9969725115362,N2,Primary,Western Cape,20.2,2,Paved,FLEX,Very Good,569.132,BG1AFJU
18.62637246,-33.998863995,N2,Primary,Western Cape,20.2,2,Paved,FLEX,Very Good,569.132,WE8VOFH
18.6311584804159,-34.000758000171,N2,Primary,Western Cape,20.2,2,Paved,FLEX,Very Good,569.132,VO6FQAZ
18.6358848959576,-34.002612990702,N2,Primary,Western Cape,20.2,2,Paved,FLEX,Very Good,569.132,EKZN1VM
18.64062738,-34.00448103,N2,Primary,Western Cape,20.2,2,Paved,FLEX,Very Good,569.132,E5D3KEB
18.6455109650739,-34.0064050070753,N2,Primary,Western Cape,20.2,2,Paved,FLEX,Very Good,569.132,DRI712Q
18.6500696409928,-34.0084575004701,N2,Primary,Western Cape,20.2,2,Paved,FLEX,Very Good,569.132,YEDB2ES
18.6546956409737,-34.010607510461,N2,Primary,Western Cape,20.2,2,Paved,FLEX,Very Good,569.132,MPGNI7M
18.6593085,-34.012755,N2,Primary,Western Cape,20.2,2,Paved,FLEX,Very Good,569.132,VPNLAYY
18.6640225161239,-34.0149494681647,N2,Primary,Western Cape,20.2,2,Paved,FLEX,Very Good,569.132,MEOYV3B
18.6686424,-34.017101505,N2,Primary,Western Cape,20.2,2,Paved,FLEX,Very Good,569.132,SZJISW0
18.67326552,-34.0192485,N2,Primary,Western Cape,20.2,2,Paved,FLEX,Very Good,569.132,SSS7BK6
18.6777885598408,-34.0213595399229,N2,Primary,Western Cape,20.2,2,Paved,FLEX,Very Good,569.132,REN8XE5
18.68260266,-34.02339498,N2,Primary,Western Cape,20.2,2,Paved,FLEX,Very Good,569.132,F1LYCFO
18.6873350198208,-34.025263020579,N2,Primary,Western Cape,20.2,2,Paved,FLEX,Very Good,569.132,5PYA0N2
18.6920764195282,-34.0271175148101,N2,Primary,Western Cape,20.2,2,Paved,FLEX,Very Good,569.132,UUZT4OE
18.6968638797086,-34.0289999998811,N2,Primary,Western Cape,20.2,2,Paved,FLEX,Very Good,569.132,EK3DHQ6
18.7016515205818,-34.0308839702273,N2,Primary,Western Cape,20.2,2,Paved,FLEX,Very Good,569.132,71YNY81
18.7063334970813,-34.0327325238255,N2,Primary,Western Cape,20.2,2,Paved,FLEX,Very Good,569.132,8PK91S2
18.71112258,-34.034616,N2,Primary,Western Cape,20.2,2,Paved,FLEX,Very Good,569.132,D7SS5LM
18.71591112,-34.03649898,N2,Primary,Western Cape,20.2,2,Paved,FLEX,Very Good,569.132,F8OXXG7
18.7205974177854,-34.0383419991061,N2,Primary,Western Cape,20.2,2,Paved,FLEX,Very Good,569.132,TC7A716
18.7253890141929,-34.0402324926973,N2,Primary,Western Cape,20.2,2,Paved,FLEX,Very Good,569.132,KNG6Z86
18.7297891145119,-34.0419585129268,N2,Primary,Western Cape,20.2,2,Paved,FLEX,Very Good,569.132,N1MTRIJ
18.7345434594991,-34.0431134849389,N2,Primary,Western Cape,20.2,2,Paved,FLEX,Very Good,569.132,A3B2HGD
18.74022642,-34.043707035,N2,Primary,Western Cape,20.2,2,Paved,FLEX,Very Good,569.132,EKVTVMV
18.74580084,-34.044283035,N2,Primary,Western Cape,20.2,2,Paved,FLEX,Very Good,569.132,9WPSDH2
18.75075192,-34.04538198,N2,Primary,Western Cape,20.2,2,Paved,FLEX,Very Good,569.132,MP664QK
18.7549950617571,-34.0474334860826,N2,Primary,Western Cape,20.2,2,Paved,FLEX,Very Good,569.132,2BTEHF3
18.759274020164,-34.0500264750985,N2,Primary,Western Cape,20.2,2,Paved,FLEX,Very Good,569.132,KL3QK6O
18.7636415445335,-34.0526750428217,N2,Primary,Western Cape,20.2,2,Paved,FLEX,Very Good,569.132,ICNJ23X
18.7680549432456,-34.055350021553,N2,Primary,Western Cape,20.2,2,Paved,FLEX,Very Good,569.132,H7OMXI9
18.7721685,-34.0577505,N2,Primary,Western Cape,20.2,2,Paved,FLEX,Very Good,569.132,YGRV6SD
18.7764584377817,-34.0591990045249,N2,Primary,Western Cape,20.2,2,Paved,FLEX,Very Good,569.132,OHQYM1R
18.78331662,-34.05936852,N2,Primary,Western Cape,20.2,2,Paved,FLEX,Very Good,569.132,1JRNIP6
18.7873666199488,-34.0588055250072,N2,Primary,Western Cape,20.2,2,Paved,FLEX,Very Good,569.132,Y5Z7TXB
18.79375698,-34.058977515,N2,Primary,Western Cape,20.2,2,Paved,FLEX,Very Good,569.132,3QSXJH3
18.7972590580807,-34.0607434938465,N2,Primary,Western Cape,20.2,2,Paved,FLEX,Very Good,569.132,6Q68JYJ
18.8016539408203,-34.0633539904838,N2,Primary,Western Cape,20.2,2,Paved,FLEX,Very Good,569.132,M4U0X5G
18.80605656,-34.065963495,N2,Primary,Western Cape,20.2,2,Paved,FLEX,Very Good,569.132,H48JVZQ
18.8104573820954,-34.0685749812725,N2,Primary,Western Cape,20.2,2,Paved,FLEX,Very Good,569.132,W0EUG1C
18.81465246,-34.071533505,N2,Primary,Western Cape,20.2,2,Paved,FLEX,Very Good,569.132,7O594ZJ
18.81837252,-34.07490999,N2,Primary,Western Cape,20.2,2,Paved,FLEX,Very Good,569.132,2J6C2D5
18.8221860001229,-34.0783614901143,N2,Primary,Western Cape,20.2,2,Paved,FLEX,Very Good,569.132,XPEXW89
18.8259325201681,-34.0817255101379,N2,Primary,Western Cape,20.2,2,Paved,FLEX,Very Good,569.132,TONSERE
18.8297144989081,-34.0840679845381,N2,Primary,Western Cape,20.2,2,Paved,FLEX,Very Good,569.132,16WNX7T
18.83585412,-34.086039975,N2,Primary,Western Cape,20.2,2,Paved,FLEX,Very Good,569.132,BDDVLQE
18.83898612,-34.08900552,N2,Primary,Western Cape,20.2,2,Paved,FLEX,Very Good,569.132,EDXK0HP
18.9767458792266,-33.7620280055656,N1,Primary,Western Cape,20.2,2,Paved,FLEX,Good,549.386,HFQZU6J
18.9807490791551,-33.759144990617,N1,Primary,Western Cape,20.2,2,Paved,FLEX,Good,549.386,NFUEAN5
18.98475048,-33.756252975,N1,Primary,Western Cape,20.2,2,Paved,FLEX,Good,549.386,Q2HCM1O
18.9887659191914,-33.7533629855913,N1,Primary,Western Cape,20.2,2,Paved,FLEX,Good,549.386,HUFD7IU
18.9926775,-33.75053001,N1,Primary,Western Cape,20.2,2,Paved,FLEX,Good,549.386,Q17B8NG
18.9967499968185,-33.7475830073897,N1,Primary,Western Cape,20.2,2,Paved,FLEX,Good,549.386,P5N4Z0R
19.0005885,-33.74481402,N1,Primary,Western Cape,20.2,2,Paved,FLEX,Good,549.386,MQE3R88
19.00465254,-33.742616535,N1,Primary,Western Cape,20.2,2,Paved,FLEX,Good,549.386,Y4B7JOT
19.0085700559086,-33.7416134856553,N1,Primary,Western Cape,20.2,2,Paved,FLEX,Good,549.386,ZFMKTPH
19.0155285031291,-33.7418699857278,N1,Primary,Western Cape,20.2,2,Paved,FLEX,Good,549.386,J151TEQ
19.0198859409628,-33.7428714602322,N1,Primary,Western Cape,20.2,2,Paved,FLEX,Good,549.386,GZ48XRL
19.0239049769116,-33.7439324692573,N1,Primary,Western Cape,20.2,2,Paved,FLEX,Good,549.386,IH75D0V
19.03028994,-33.74413002,N1,Primary,Western Cape,20.2,2,Paved,FLEX,Good,549.386,W8VXVR4
18.66304998,-33.87500901,N1,Primary,Western Cape,20.2,2,Paved,FLEX,Very Good,522.834,TK9DSXW
18.66738096,-33.87315249,N1,Primary,Western Cape,20.2,2,Paved,FLEX,Very Good,522.834,ZCX0S5O
18.6717006,-33.871312485,N1,Primary,Western Cape,20.2,2,Paved,FLEX,Very Good,522.834,HIUQ2RB
18.6760245593639,-33.8694610052813,N1,Primary,Western Cape,20.2,2,Paved,FLEX,Very Good,522.834,VHGABXK
18.680509080371,-33.8674689898064,N1,Primary,Western Cape,20.2,2,Paved,FLEX,Very Good,522.834,S55R1TY
18.6843056382946,-33.8650849811237,N1,Primary,Western Cape,20.2,2,Paved,FLEX,Very Good,522.834,68KOZH6
18.6882246,-33.862529475,N1,Primary,Western Cape,20.2,2,Paved,FLEX,Very Good,522.834,G5753GU
18.6921405,-33.8599845,N1,Primary,Western Cape,20.2,2,Paved,FLEX,Very Good,522.834,V5PX6ZH
18.6961078766138,-33.8573994773299,N1,Primary,Western Cape,20.2,2,Paved,FLEX,Very Good,522.834,T1DB85Y
18.9561060001466,-33.7766160148963,N1,Primary,Western Cape,20.2,2,Paved,FLEX,Good,560.537,YU41XSB
18.9601965005179,-33.7736674796323,N1,Primary,Western Cape,20.2,2,Paved,FLEX,Good,560.537,G5UHNNF
18.9643168721577,-33.7706949588968,N1,Primary,Western Cape,20.2,2,Paved,FLEX,Good,560.537,0
18.9683710202735,-33.767765999806,N1,Primary,Western Cape,20.2,2,Paved,FLEX,Good,560.537,IZ61FEM
18.972461516585,-33.7648175124351,N1,Primary,Western Cape,20.2,2,Paved,FLEX,Good,560.537,UB5HE92
18.6918984009822,-33.8604314843577,N1,Primary,Western Cape,20.2,2,Paved,FLEX,Very Good,565.698,CTB99FS
18.6960794396162,-33.8577154652484,N1,Primary,Western Cape,20.2,2,Paved,FLEX,Very Good,565.698,PDDTLDP
18.7004196,-33.854904495,N1,Primary,Western Cape,20.2,2,Paved,FLEX,Very Good,565.698,C6JTJJC
18.721730521206,-33.8410705042194,N1,Primary,Western Cape,20.2,2,Paved,FLEX,Very Good,572.744,HH4TZKC
18.7257585578854,-33.8386304710245,N1,Primary,Western Cape,20.2,2,Paved,FLEX,Very Good,572.744,SQ0TZ3H
18.9604198808265,-33.7738175093895,N1,Primary,Western Cape,20.2,2,Paved,FLEX,Good,560.553,9EXF4O5
18.9645139762273,-33.7708679877714,N1,Primary,Western Cape,20.2,2,Paved,FLEX,Good,560.553,64QSPWU
18.9685924183933,-33.767928001189,N1,Primary,Western Cape,20.2,2,Paved,FLEX,Good,560.553,AUFDV1E
18.97266348,-33.764976,N1,Primary,Western Cape,20.2,2,Paved,FLEX,Good,560.553,C1ERJ22
18.6275030390264,-34.0067910159473,R300,Primary,Western Cape,20.2,2,Paved,FLEX,Very Good,516.039,0QQIE2L
18.6308875790555,-34.0035129909325,R300,Primary,Western Cape,20.2,2,Paved,FLEX,Very Good,516.039,HM3QRDM
18.6342145202243,-34.0002864897823,R300,Primary,Western Cape,20.2,2,Paved,FLEX,Very Good,516.039,89VZ0E3
18.6374869182913,-33.9971089966624,R300,Primary,Western Cape,20.2,2,Paved,FLEX,Very Good,516.039,EZG7A38
18.64086588,-33.99382602,R300,Primary,Western Cape,20.2,2,Paved,FLEX,Very Good,516.039,DRNRL0M
18.64417248,-33.990607485,R300,Primary,Western Cape,20.2,2,Paved,FLEX,Very Good,516.039,4K39AFD
18.6474819622486,-33.9873925027774,R300,Primary,Western Cape,20.2,2,Paved,FLEX,Very Good,516.039,GUA17R4
18.6508535461225,-33.9838839809828,R300,Primary,Western Cape,20.2,2,Paved,FLEX,Very Good,516.039,SE831U7
18.6523808403785,-33.9797824631281,R300,Primary,Western Cape,20.2,2,Paved,FLEX,Very Good,516.039,P0XX6RS
19.0336345198953,-33.7434000300199,N1,Primary,Western Cape,20.2,2,Paved,FLEX,Very Good,564.661,0
19.0368325781649,-33.7429815301181,N1,Primary,Western Cape,20.2,2,Paved,FLEX,Very Good,564.661,0
19.044455035664,-33.7434290092626,N1,Primary,Western Cape,20.2,2,Paved,FLEX,Very Good,564.661,0
19.0493449193023,-33.744154994895,N1,Primary,Western Cape,20.2,2,Paved,FLEX,Very Good,564.661,0
19.0543464000886,-33.7448894850129,N1,Primary,Western Cape,20.2,2,Paved,FLEX,Very Good,564.661,Q54XDYI
19.0580720283477,-33.7454325057028,N1,Primary,Western Cape,20.2,2,Paved,FLEX,Very Good,564.661,1S5XWTK
19.064748426298,-33.7440044644,N1,Primary,Western Cape,20.2,2,Paved,FLEX,Very Good,564.661,S9PC5LR
19.067169960311,-33.7404270144599,N1,Primary,Western Cape,20.2,2,Paved,FLEX,Very Good,564.661,KDFE19M
19.0698285586187,-33.7364019914444,N1,Primary,Western Cape,20.2,2,Paved,FLEX,Very Good,564.661,0
19.1304973830251,-33.7303075027984,N1,Primary,Western Cape,20.2,2,Paved,FLEX,Good,550.742,0
19.1351025,-33.728224995,N1,Primary,Western Cape,20.2,2,Paved,FLEX,Good,550.742,0
19.1399068813447,-33.726618494503,N1,Primary,Western Cape,20.2,2,Paved,FLEX,Good,550.742,0
19.1437934398032,-33.7252844700478,N1,Primary,Western Cape,20.2,2,Paved,FLEX,Good,550.742,0
19.1496182819433,-33.724794969633,N1,Primary,Western Cape,20.2,2,Paved,FLEX,Good,550.742,0
19.1547338399999,-33.724726515,N1,Primary,Western Cape,20.2,2,Paved,FLEX,Good,550.742,0
19.15903638,-33.724514025,N1,Primary,Western Cape,20.2,2,Paved,FLEX,Good,550.742,0
19.16403246,-33.724830015,N1,Primary,Western Cape,20.2,2,Paved,FLEX,Good,550.742,0
19.1693221175004,-33.7246365159238,N1,Primary,Western Cape,20.2,2,Paved,FLEX,Good,550.742,0
19.1721965404093,-33.7238945099427,N1,Primary,Western Cape,20.2,2,Paved,FLEX,Good,550.742,0
19.1804428861551,-33.7234624628468,N1,Primary,Western Cape,20.2,2,Paved,FLEX,Good,550.742,0
19.1827411197547,-33.7218814802282,N1,Primary,Western Cape,20.2,2,Paved,FLEX,Good,550.742,0
19.2327068502213,-33.702803010645,N1,Primary,Western Cape,12.8,2,Paved,FLEX,Very Good,557.486,0
19.23671142,-33.70372398,N1,Primary,Western Cape,12.8,2,Paved,FLEX,Very Good,557.486,0
19.2426100201256,-33.7042589850095,N1,Primary,Western Cape,12.8,2,Paved,FLEX,Very Good,557.486,0
19.2476126579086,-33.7046270398431,N1,Primary,Western Cape,12.8,2,Paved,FLEX,Very Good,557.486,0
19.2515898620086,-33.7049219694776,N1,Primary,Western Cape,12.8,2,Paved,FLEX,Very Good,557.486,0
19.2577264213542,-33.7036840190562,N1,Primary,Western Cape,12.8,2,Paved,FLEX,Very Good,557.486,0
19.2615944427367,-33.7006824718337,N1,Primary,Western Cape,12.8,2,Paved,FLEX,Very Good,557.486,0
19.2642548399777,-33.6968624700326,N1,Primary,Western Cape,12.8,2,Paved,FLEX,Very Good,557.486,0
19.2670639211728,-33.6926960082368,N1,Primary,Western Cape,12.8,2,Paved,FLEX,Very Good,557.486,0
19.269890095998,-33.688858009248,N1,Primary,Western Cape,12.8,2,Paved,FLEX,Very Good,557.486,0
19.2740410780312,-33.6857339711659,N1,Primary,Western Cape,12.8,2,Paved,FLEX,Very Good,557.486,0
19.278444059018,-33.6831265355902,N1,Primary,Western Cape,12.8,2,Paved,FLEX,Very Good,557.486,0
19.2825034217709,-33.6799199679205,N1,Primary,Western Cape,12.8,2,Paved,FLEX,Very Good,557.486,0
19.2850110006025,-33.6757634983465,N1,Primary,Western Cape,12.8,2,Paved,FLEX,Very Good,557.486,0
19.2856599,-33.67094301,N1,Primary,Western Cape,12.8,2,Paved,FLEX,Very Good,557.486,0
19.18712862,-33.720754995,N1,Primary,Western Cape,20.2,2,Paved,FLEX,Very Good,561.017,0
19.1926400430046,-33.7187309793911,N1,Primary,Western Cape,20.2,2,Paved,FLEX,Very Good,561.017,0
19.1948390931077,-33.715265990471,N1,Primary,Western Cape,20.2,2,Paved,FLEX,Very Good,561.017,0
19.1987656198263,-33.7115460153165,N1,Primary,Western Cape,20.2,2,Paved,FLEX,Very Good,561.017,0
19.2012435,-33.707237985,N1,Primary,Western Cape,20.2,2,Paved,FLEX,Very Good,561.017,0
19.20373992,-33.70304349,N1,Primary,Western Cape,20.2,2,Paved,FLEX,Very Good,561.017,0
19.2064654741627,-33.7002674887782,N1,Primary,Western Cape,20.2,2,Paved,FLEX,Very Good,561.017,0
19.211172971829,-33.6995770073668,N1,Primary,Western Cape,20.2,2,Paved,FLEX,Very Good,561.017,0
19.21895352,-33.69956148,N1,Primary,Western Cape,20.2,2,Paved,FLEX,Very Good,561.017,0
19.2224786403802,-33.700400505092,N1,Primary,Western Cape,20.2,2,Paved,FLEX,Very Good,561.017,0
19.2274514998098,-33.7015874699539,N1,Primary,Western Cape,20.2,2,Paved,FLEX,Very Good,561.017,0
18.9284785192623,-34.1490410150104,N2,Primary,Western Cape,12.8,2,Paved,FLEX,Good,571.301,H8PYLH4
18.9350086960308,-34.1505134827531,N2,Primary,Western Cape,12.8,2,Paved,FLEX,Good,571.301,6CP0S10
18.93712752,-34.151697,N2,Primary,Western Cape,12.8,2,Paved,FLEX,Good,571.301,XHKKOUG
18.9429814758107,-34.1528355005834,N2,Primary,Western Cape,12.8,2,Paved,FLEX,Good,571.301,D5DGOZ9
18.9472573811201,-34.1522699848567,N2,Primary,Western Cape,12.8,2,Paved,FLEX,Good,571.301,XB2TN3V
18.9516364178459,-34.1516849852811,N2,Primary,Western Cape,12.8,2,Paved,FLEX,Good,571.301,N9A4I1K
18.9578584837187,-34.1516950204867,N2,Primary,Western Cape,12.8,2,Paved,FLEX,Good,571.301,0
18.962671500296,-34.1522800200389,N2,Primary,Western Cape,12.8,2,Paved,FLEX,Good,571.301,DS4NLQE
18.9677764822896,-34.1537864865754,N2,Primary,Western Cape,12.8,2,Paved,FLEX,Good,571.301,0
18.7002401395172,-33.8547235053197,N1,Primary,Western Cape,20.2,2,Paved,FLEX,Very Good,582.036,S7S8GMD
18.7046794798449,-33.851846475104,N1,Primary,Western Cape,20.2,2,Paved,FLEX,Very Good,582.036,9NXZ103
18.7090304388158,-33.8490225007677,N1,Primary,Western Cape,20.2,2,Paved,FLEX,Very Good,582.036,8SB405D
18.7134249609001,-33.8461779601032,N1,Primary,Western Cape,20.2,2,Paved,FLEX,Very Good,582.036,5QTO800
18.7178245196867,-33.8433154652028,N1,Primary,Western Cape,20.2,2,Paved,FLEX,Very Good,582.036,B6D0HHC
18.72216252,-33.840497475,N1,Primary,Western Cape,20.2,2,Paved,FLEX,Very Good,582.036,24P30PE
18.7263374357364,-33.8381090118815,N1,Primary,Western Cape,20.2,2,Paved,FLEX,Very Good,582.036,UCJGSIW
18.7317008955151,-33.8364450013233,N1,Primary,Western Cape,20.2,2,Paved,FLEX,Very Good,582.036,B1VWF3B
18.73681344,-33.835020975,N1,Primary,Western Cape,20.2,2,Paved,FLEX,Very Good,582.036,NL4FSPV
18.7418385004233,-33.8336125198813,N1,Primary,Western Cape,20.2,2,Paved,FLEX,Very Good,582.036,LG58LKX
18.74685906,-33.832213965,N1,Primary,Western Cape,20.2,2,Paved,FLEX,Very Good,582.036,GX2UELI
18.7518724161392,-33.8308089760682,N1,Primary,Western Cape,20.2,2,Paved,FLEX,Very Good,582.036,F14EJLW
18.756891003723,-33.8294124889447,N1,Primary,Western Cape,20.2,2,Paved,FLEX,Very Good,582.036,8WHR0ZV
18.761909938696,-33.8280124953643,N1,Primary,Western Cape,20.2,2,Paved,FLEX,Very Good,582.036,DMGFH2Z
18.7670349,-33.826588965,N1,Primary,Western Cape,20.2,2,Paved,FLEX,Very Good,582.036,0OH5J23
18.77205096,-33.825183975,N1,Primary,Western Cape,20.2,2,Paved,FLEX,Very Good,582.036,QTT8QNT
18.7770689978596,-33.8237824956086,N1,Primary,Western Cape,20.2,2,Paved,FLEX,Very Good,582.036,XBYNXP7
18.70468056,-33.852132495,N1,Primary,Western Cape,20.2,2,Paved,FLEX,Very Good,565.948,GBN0X51
18.708900122391,-33.8494030184525,N1,Primary,Western Cape,20.2,2,Paved,FLEX,Very Good,565.948,3ZQNS8O
18.71320644,-33.846606495,N1,Primary,Western Cape,20.2,2,Paved,FLEX,Very Good,565.948,L6EU3EB
18.7174755,-33.843837465,N1,Primary,Western Cape,20.2,2,Paved,FLEX,Very Good,565.948,3VORNT0
19.1897418718791,-33.7203449974391,N1,Primary,Western Cape,20.2,2,Paved,FLEX,Good,564.831,0
19.1923399830577,-33.7181134886435,N1,Primary,Western Cape,20.2,2,Paved,FLEX,Good,564.831,0
19.1948714965141,-33.7146414771299,N1,Primary,Western Cape,20.2,2,Paved,FLEX,Good,564.831,0
19.1988134998412,-33.7109929652693,N1,Primary,Western Cape,20.2,2,Paved,FLEX,Good,564.831,0
19.2012915587511,-33.7066960071879,N1,Primary,Western Cape,20.2,2,Paved,FLEX,Good,564.831,0
19.2037685396872,-33.7024989904259,N1,Primary,Western Cape,20.2,2,Paved,FLEX,Good,564.831,0
19.2065326103565,-33.6998660004983,N1,Primary,Western Cape,20.2,2,Paved,FLEX,Good,564.831,0
19.2106221409512,-33.6993170399588,N1,Primary,Western Cape,20.2,2,Paved,FLEX,Good,564.831,0
19.21912254,-33.69938652,N1,Primary,Western Cape,20.2,2,Paved,FLEX,Good,564.831,0
19.22296014,-33.700303485,N1,Primary,Western Cape,20.2,2,Paved,FLEX,Good,564.831,0
19.2277949397786,-33.7015774799384,N1,Primary,Western Cape,20.2,2,Paved,FLEX,Good,564.831,0
18.78340104,-33.822265005,N1,Primary,Western Cape,20.2,2,Paved,FLEX,Very Good,587.969,Q7OLWGV
18.7884124241888,-33.8208574937962,N1,Primary,Western Cape,20.2,2,Paved,FLEX,Very Good,587.969,C3K236I
18.79353,-33.81943248,N1,Primary,Western Cape,20.2,2,Paved,FLEX,Very Good,587.969,7T2W8WU
18.7985980919596,-33.8180149801212,N1,Primary,Western Cape,20.2,2,Paved,FLEX,Very Good,587.969,VI1GKEJ
18.8036738991406,-33.8166040052361,N1,Primary,Western Cape,20.2,2,Paved,FLEX,Very Good,587.969,8YJIRQ2
18.80879598,-33.815171025,N1,Primary,Western Cape,20.2,2,Paved,FLEX,Very Good,587.969,ZQJNJPJ
18.8138633120784,-33.813747991729,N1,Primary,Western Cape,20.2,2,Paved,FLEX,Very Good,587.969,LRCHHQJ
18.81893394,-33.812330985,N1,Primary,Western Cape,20.2,2,Paved,FLEX,Very Good,587.969,SNTDQP9
18.8240540393438,-33.8108999851923,N1,Primary,Western Cape,20.2,2,Paved,FLEX,Very Good,587.969,LUOD99L
18.8291775610796,-33.809469974679,N1,Primary,Western Cape,20.2,2,Paved,FLEX,Very Good,587.969,Z4VBV3L
18.8341874987237,-33.8080675053668,N1,Primary,Western Cape,20.2,2,Paved,FLEX,Very Good,587.969,UAXX1ZE
18.8393059728609,-33.8066325020307,N1,Primary,Western Cape,20.2,2,Paved,FLEX,Very Good,587.969,B3XNGYS
18.8444210406579,-33.8052024898135,N1,Primary,Western Cape,20.2,2,Paved,FLEX,Very Good,587.969,T14JPJU
18.8495315978634,-33.8037729756219,N1,Primary,Western Cape,20.2,2,Paved,FLEX,Very Good,587.969,MFUUB92
18.85454406173,-33.8023674895079,N1,Primary,Western Cape,20.2,2,Paved,FLEX,Very Good,587.969,C0RCCDP
18.85966164,-33.800934015,N1,Primary,Western Cape,20.2,2,Paved,FLEX,Very Good,587.969,Q75ZW1Q
18.8644185,-33.799747005,N1,Primary,Western Cape,20.2,2,Paved,FLEX,Very Good,587.969,3A5K1RU
18.8700265793451,-33.7987960201102,N1,Primary,Western Cape,20.2,2,Paved,FLEX,Very Good,587.969,D3349RH
18.87521508,-33.797920005,N1,Primary,Western Cape,20.2,2,Paved,FLEX,Very Good,587.969,6K0F6S9
18.8803994496775,-33.7970410183429,N1,Primary,Western Cape,20.2,2,Paved,FLEX,Very Good,587.969,WPD6G14
18.8856181518857,-33.7960749607756,N1,Primary,Western Cape,20.2,2,Paved,FLEX,Very Good,587.969,XFMDDJ7
18.8907924579818,-33.795016020423,N1,Primary,Western Cape,20.2,2,Paved,FLEX,Very Good,587.969,J7MH0RF
18.8959244398457,-33.7939690050324,N1,Primary,Western Cape,20.2,2,Paved,FLEX,Very Good,587.969,0
18.9011624418488,-33.7928959796138,N1,Primary,Western Cape,20.2,2,Paved,FLEX,Very Good,587.969,YGKOTWP
18.9062974800372,-33.7918440149922,N1,Primary,Western Cape,20.2,2,Paved,FLEX,Very Good,587.969,QOH3V3H
18.9114386409793,-33.7907949747714,N1,Primary,Western Cape,20.2,2,Paved,FLEX,Very Good,587.969,VTJ1O97
18.9166249387937,-33.7897279791622,N1,Primary,Western Cape,20.2,2,Paved,FLEX,Very Good,587.969,T7XSLG6
18.9218134829468,-33.7886675093972,N1,Primary,Western Cape,20.2,2,Paved,FLEX,Very Good,587.969,C62YWEF
18.9269950796236,-33.7876020004438,N1,Primary,Western Cape,20.2,2,Paved,FLEX,Very Good,587.969,4T821GV
18.93218256,-33.78653703,N1,Primary,Western Cape,20.2,2,Paved,FLEX,Very Good,587.969,1451FOG
18.9373204798453,-33.7854874950309,N1,Primary,Western Cape,20.2,2,Paved,FLEX,Very Good,587.969,PV3AVCT
18.9428715,-33.784335,N1,Primary,Western Cape,20.2,2,Paved,FLEX,Very Good,587.969,UHFPI9X
18.947817540174,-33.7825764899102,N1,Primary,Western Cape,20.2,2,Paved,FLEX,Very Good,587.969,J8FAZRB
18.9520059596473,-33.779883015258,N1,Primary,Western Cape,20.2,2,Paved,FLEX,Very Good,587.969,0FF63NM
18.95625108,-33.77681901,N1,Primary,Western Cape,20.2,2,Paved,FLEX,Very Good,587.969,CRAU339
19.0738065570922,-33.7335405314088,N1,Primary,Western Cape,7.4,2,Paved,FLEX,Good,567.856,0
19.0781598584696,-33.732054000323,N1,Primary,Western Cape,7.4,2,Paved,FLEX,Good,567.856,0
19.08498996,-33.731847495,N1,Primary,Western Cape,7.4,2,Paved,FLEX,Good,567.856,0
19.08925002,-33.732332505,N1,Primary,Western Cape,7.4,2,Paved,FLEX,Good,567.856,0
19.09426158007,-33.7329035100085,N1,Primary,Western Cape,7.4,2,Paved,FLEX,Good,567.856,0
19.099383839908,-33.7334764949889,N1,Primary,Western Cape,7.4,2,Paved,FLEX,Good,567.856,0
19.1040199203851,-33.7339899900431,N1,Primary,Western Cape,7.4,2,Paved,FLEX,Good,567.856,0
19.1106154825135,-33.7339649696169,N1,Primary,Western Cape,7.4,2,Paved,FLEX,Good,567.856,0
19.1151964821816,-33.7327215289895,N1,Primary,Western Cape,7.4,2,Paved,FLEX,Good,567.856,C6E7KMD
18.6532925394828,-33.9752619924398,R300,Primary,Western Cape,20.2,2,Paved,FLEX,Very Good,504.848,GFX7S4B
18.6541948799191,-33.9708699903957,R300,Primary,Western Cape,20.2,2,Paved,FLEX,Very Good,504.848,96FMXIF
18.655104960102,-33.966386009433,R300,Primary,Western Cape,20.2,2,Paved,FLEX,Very Good,504.848,6BYSPD6
18.65599992,-33.961947525,R300,Primary,Western Cape,20.2,2,Paved,FLEX,Very Good,504.848,FTX7LB8
18.65690388,-33.957508995,R300,Primary,Western Cape,20.2,2,Paved,FLEX,Very Good,504.848,4A66E8Q
18.90671004,-34.1299035,N2,Primary,Western Cape,12.8,2,Paved,FLEX,Very Good,521.945,A31P11M
18.9111141,-34.131383505,N2,Primary,Western Cape,12.8,2,Paved,FLEX,Very Good,521.945,1NG8I9K
18.9156220189907,-34.1328984746657,N2,Primary,Western Cape,12.8,2,Paved,FLEX,Very Good,521.945,YVR8GT6
18.9197080143371,-34.1343099880681,N2,Primary,Western Cape,12.8,2,Paved,FLEX,Very Good,521.945,VBUCV9N
18.9253274440019,-34.134515998728,N2,Primary,Western Cape,12.8,2,Paved,FLEX,Very Good,521.945,LXZFSP3
18.92986056,-34.13307348,N2,Primary,Western Cape,12.8,2,Paved,FLEX,Very Good,521.945,8Z5P9T1
18.93072006,-34.129847025,N2,Primary,Western Cape,12.8,2,Paved,FLEX,Very Good,521.945,3WK9HI2
18.9338860906222,-34.127755032691,N2,Primary,Western Cape,12.8,2,Paved,FLEX,Very Good,521.945,DVQD3DE
18.9354448821114,-34.1304109687569,N2,Primary,Western Cape,12.8,2,Paved,FLEX,Very Good,521.945,3MW0MN9
18.9373265996881,-34.1343389721183,N2,Primary,Western Cape,12.8,2,Paved,FLEX,Very Good,521.945,DUKT4RG
18.93355992,-34.137497025,N2,Primary,Western Cape,12.8,2,Paved,FLEX,Very Good,521.945,1VFLTND
18.93083598,-34.14064797,N2,Primary,Western Cape,12.8,2,Paved,FLEX,Very Good,521.945,RYJYAPI
18.92989494,-34.144821,N2,Primary,Western Cape,12.8,2,Paved,FLEX,Very Good,521.945,X9J910I
18.5406969594755,-33.9537115378694,N7,Primary,Western Cape,0,0,Paved,Unknown,Unknown,500.581,YAPO4I4
18.54101466,-33.955584975,N2,Primary,Western Cape,0,0,Paved,Unknown,Unknown,148.802,NFEBWR6
18.55565748,-33.960041505,N2,Primary,Western Cape,0,0,Paved,Unknown,Unknown,452.679,93O3U6U
18.5514771421355,-33.9587767923784,N2,Primary,Western Cape,0,0,Paved,Unknown,Unknown,452.679,U3KP57C
18.5477513281474,-33.9576806185751,N2,Primary,Western Cape,0,0,Paved,Unknown,Unknown,452.679,UY59I9M
18.5442524993059,-33.9566350047828,N2,Primary,Western Cape,0,0,Paved,Unknown,Unknown,452.679,SUP29NG
18.5575104,-33.960598515,N2,Primary,Western Cape,0,0,Paved,Unknown,Unknown,68.524,LLGN7DY
18.57231234,-33.96686301,N2,Primary,Western Cape,0,0,Paved,Unknown,Unknown,88.58,ZP9STNM
18.5754749393329,-33.9703514992378,N2,Primary,Western Cape,0,0,Paved,Unknown,Unknown,496.859,7AKUBY4
18.5789882816987,-33.9743413209358,N2,Primary,Western Cape,0,0,Paved,Unknown,Unknown,496.859,M3INBBC
18.5819415069231,-33.9776879622851,N2,Primary,Western Cape,0,0,Paved,Unknown,Unknown,496.859,1K4ZYII
18.585675,-33.98124348,N2,Primary,Western Cape,0,0,Paved,Unknown,Unknown,496.859,GO93XEE
18.4324935412871,-33.9180994689474,N1,Primary,Western Cape,0,0,Paved,Unknown,Unknown,287.456,EPX268G
18.4353485766879,-33.9200510684473,N1,Primary,Western Cape,0,0,Paved,Unknown,Unknown,287.456,HL23AIZ
18.43506756,-33.920677035,N2,Primary,Western Cape,0,0,Paved,Unknown,Unknown,114.361,ZAVM3PJ
18.45392202,-33.92138448,N1,Primary,Western Cape,0,0,Paved,Unknown,Unknown,513.522,V1BNX3D
18.4608595846054,-33.921301004477,N1,Primary,Western Cape,0,0,Paved,Unknown,Unknown,513.522,P9PBFAJ
18.4639685408771,-33.9208699948807,N1,Primary,Western Cape,0,0,Paved,Unknown,Unknown,513.522,XO4JYNU
18.46878246,-33.920009505,N1,Primary,Western Cape,0,0,Paved,Unknown,Unknown,513.522,4HHV563
18.47256642,-33.91912449,N1,Primary,Western Cape,0,0,Paved,Unknown,Unknown,513.522,75BPNAM
18.4770145827061,-33.9180835043325,N1,Primary,Western Cape,0,0,Paved,Unknown,Unknown,513.522,0B0QOEN
18.434149032633,-33.9187254823075,N1,Primary,Western Cape,0,0,Paved,Unknown,Unknown,490.953,8VPPU5N
18.4369255017916,-33.9208269669971,N1,Primary,Western Cape,0,0,Paved,Unknown,Unknown,490.953,G98H7FR
18.4367599149527,-33.9212515037847,N1,Primary,Western Cape,0,0,Paved,Unknown,Unknown,465.046,HR19LL7
18.4395728479919,-33.9216325023195,N1,Primary,Western Cape,0,0,Paved,Unknown,Unknown,481.621,7QBQK9L
18.4459849190807,-33.9216854848654,N1,Primary,Western Cape,0,0,Paved,Unknown,Unknown,481.621,A0RUUQL
18.4502221182979,-33.9215829751779,N1,Primary,Western Cape,0,0,Paved,Unknown,Unknown,481.621,WL17NEO
18.4351150921056,-33.9215704971767,N2,Primary,Western Cape,0,0,Paved,Unknown,Unknown,212.3,X17ILML
18.4347090042291,-33.9213004118713,N2,Primary,Western Cape,0,0,Paved,Unknown,Unknown,223.173,0
18.43344594,-33.92294148,N2,Primary,Western Cape,0,0,Paved,Unknown,Unknown,257.095,9FQFQ91
18.4324084147821,-33.9244580094183,N2,Primary,Western Cape,0,0,Paved,Unknown,Unknown,178.44,6BNXT5I
18.4324869,-33.92592102,N2,Primary,Western Cape,0,0,Paved,Unknown,Unknown,83.557,PXI00H9
18.4326319849069,-33.9265010532369,N2,Primary,Western Cape,0,0,Paved,Unknown,Unknown,69.493,FUPJ3Q2
18.4327919801076,-33.9271284506821,N2,Primary,Western Cape,0,0,Paved,Unknown,Unknown,92.206,JUJL6W1
18.43374006,-33.928411995,N2,Primary,Western Cape,0,0,Paved,Unknown,Unknown,197.748,BK0B4IL
18.6558170380076,-33.8779605158572,N1,Primary,Western Cape,0,0,Paved,Unknown,Unknown,572.128,9HDQLZ0
18.6505301874047,-33.8802413237668,N1,Primary,Western Cape,0,0,Paved,Unknown,Unknown,572.128,EIIZE13
18.6464520000994,-33.8819944949579,N1,Primary,Western Cape,0,0,Paved,Unknown,Unknown,572.128,B9V4IAJ
18.6422059548525,-33.8837922629513,N1,Primary,Western Cape,0,0,Paved,Unknown,Unknown,572.128,N5NO82G
18.63713664,-33.885871515,N1,Primary,Western Cape,0,0,Paved,Unknown,Unknown,572.128,X4UA382
18.6339225739778,-33.8870200012772,N1,Primary,Western Cape,0,0,Paved,Unknown,Unknown,111.133,GRI93Z2
18.5805073800096,-33.8858090099984,N1,Primary,Western Cape,0,0,Paved,Unknown,Unknown,590.558,7HICT0R
18.5772765579403,-33.8863599903537,N1,Primary,Western Cape,0,0,Paved,Unknown,Unknown,590.558,WUGV4DU
18.5699459287019,-33.8876255430509,N1,Primary,Western Cape,0,0,Paved,Unknown,Unknown,590.558,IV5F6YM
18.56556648,-33.888378015,N1,Primary,Western Cape,0,0,Paved,Unknown,Unknown,590.558,TBYQ54D
18.5606201531792,-33.8891862491572,N1,Primary,Western Cape,0,0,Paved,Unknown,Unknown,590.558,XNUEEZN
18.5556715200893,-33.890006519985,N1,Primary,Western Cape,0,0,Paved,Unknown,Unknown,590.558,044ZYVD
18.5513574940422,-33.8906849798324,N1,Primary,Western Cape,0,0,Paved,Unknown,Unknown,521.765,2M4LCU0
18.5445033999894,-33.8904734790936,N1,Primary,Western Cape,0,0,Paved,Unknown,Unknown,521.765,GNGA5AC
18.5418174457175,-33.8892839925144,N1,Primary,Western Cape,0,0,Paved,Unknown,Unknown,521.765,S0B3CGQ
18.5370609713343,-33.8868000064125,N1,Primary,Western Cape,0,0,Paved,Unknown,Unknown,521.765,5OV4U4C
18.5339401203324,-33.8855179950738,N1,Primary,Western Cape,0,0,Paved,Unknown,Unknown,521.765,PLZ8PGL
18.5309195408129,-33.8872194923548,N7,Primary,Western Cape,0,0,Paved,Unknown,Unknown,492.647,BL0PD9J
18.5324709639175,-33.8916285270725,N7,Primary,Western Cape,0,0,Paved,Unknown,Unknown,492.647,YSM1T15
18.4234764360209,-33.9142275073536,N1,Primary,Western Cape,0,0,Paved,Unknown,Unknown,350.749,2ON8NSO
18.427809958447,-33.9153394940118,N1,Primary,Western Cape,0,0,Paved,Unknown,Unknown,350.749,327YML6
18.4272770010621,-33.9156789881471,N2,Primary,Western Cape,0,0,Paved,Unknown,Unknown,555.13,SJUWTEK
18.4302118740984,-33.9168220165362,N1,Primary,Western Cape,0,0,Paved,Unknown,Unknown,365.121,1DDYC6F
18.4807629260013,-33.9176979952455,N1,Primary,Western Cape,0,0,Paved,Unknown,Unknown,126.172,EVFKBUY
18.43038234,-33.917612985,N2,Primary,Western Cape,0,0,Paved,Unknown,Unknown,374.53,0
18.4329469769618,-33.9192249730825,N2,Primary,Western Cape,0,0,Paved,Unknown,Unknown,430.272,086LLYS
18.4328463606049,-33.9193509754319,N2,Primary,Western Cape,0,0,Paved,Unknown,Unknown,428.301,0
18.4853030481201,-33.9439130118801,N2,Primary,Western Cape,0,0,Paved,Unknown,Unknown,364.425,DCB3LQM
18.4776080382703,-33.94398703514,N2,Primary,Western Cape,0,0,Paved,Unknown,Unknown,387.216,P36URXV
18.480231360327,-33.9437924999748,N2,Primary,Western Cape,0,0,Paved,Unknown,Unknown,387.216,5DHNI4S
18.4734826193437,-33.9443879850991,N2,Primary,Western Cape,0,0,Paved,Unknown,Unknown,382.55,JW0WKQ9
18.470763,-33.94514502,N2,Primary,Western Cape,0,0,Paved,Unknown,Unknown,382.55,1Q44FGG
18.4871053857754,-33.9454885140719,N2,Primary,Western Cape,0,0,Paved,Unknown,Unknown,325.523,JY8VL6C
18.588074562723,-33.9830200223807,N2,Primary,Western Cape,0,0,Paved,Unknown,Unknown,559.277,XOCWI97
18.5923671276541,-33.985391777227,N2,Primary,Western Cape,0,0,Paved,Unknown,Unknown,559.277,AJRKP0C
18.5980796991305,-33.9877366966405,N2,Primary,Western Cape,0,0,Paved,Unknown,Unknown,559.277,H9QJECU
18.6023454501743,-33.9894270573165,N2,Primary,Western Cape,0,0,Paved,Unknown,Unknown,559.277,CZBWW0Z
18.6074237583093,-33.9914317623478,N2,Primary,Western Cape,0,0,Paved,Unknown,Unknown,559.277,S200A1J
18.6131512168781,-33.9937225235742,N2,Primary,Western Cape,0,0,Paved,Unknown,Unknown,559.277,8FBHDH2
18.61671798,-33.99512751,N2,Primary,Western Cape,0,0,Paved,Unknown,Unknown,559.277,R6JUSZT
18.8493415209015,-34.0994349908707,N2,Primary,Western Cape,0,0,Paved,Unknown,Unknown,420.492,TKB7K8T
18.8466948612453,-34.0968771077541,N2,Primary,Western Cape,0,0,Paved,Unknown,Unknown,420.492,XTC73NQ
18.8438977189891,-34.0941856036912,N2,Primary,Western Cape,0,0,Paved,Unknown,Unknown,420.492,NZUF7M4
18.8404374597406,-34.0908245097476,N2,Primary,Western Cape,0,0,Paved,Unknown,Unknown,420.492,KTXRGNX
18.9011658009277,-34.1281765236089,N2,Primary,Western Cape,0,0,Paved,Unknown,Unknown,574.917,K3N8ADC
18.8971771814685,-34.1268280537917,N2,Primary,Western Cape,0,0,Paved,Unknown,Unknown,574.917,I25JSGF
18.8927360596657,-34.1253237541034,N2,Primary,Western Cape,0,0,Paved,Unknown,Unknown,574.917,47SP0JH
18.8877653666398,-34.1236424532454,N2,Primary,Western Cape,0,0,Paved,Unknown,Unknown,574.917,HNEAFHF
18.8825349404651,-34.121560982233,N2,Primary,Western Cape,0,0,Paved,Unknown,Unknown,574.917,SJ29DQW
18.8782124391741,-34.1189690395021,N2,Primary,Western Cape,0,0,Paved,Unknown,Unknown,574.917,VVJ158O
18.5058196233556,-33.9498309519317,N2,Primary,Western Cape,0,0,Paved,Unknown,Unknown,499.599,FSOOCGH
18.50088372207,-33.9502093282313,N2,Primary,Western Cape,0,0,Paved,Unknown,Unknown,499.599,7PRTR79
18.4975585817798,-33.9508678132888,N2,Primary,Western Cape,0,0,Paved,Unknown,Unknown,499.599,HQ54B8O
18.49181742,-33.95053251,N2,Primary,Western Cape,0,0,Paved,Unknown,Unknown,499.599,IMJY7S7
18.4888824927839,-33.9482374706903,N2,Primary,Western Cape,0,0,Paved,Unknown,Unknown,499.599,H9XYX9Q
18.57338244,-33.967986525,N2,Primary,Western Cape,0,0,Paved,Unknown,Unknown,326.505,H8R7OJ2
18.5685719586719,-33.9641140127729,N2,Primary,Western Cape,0,0,Paved,Unknown,Unknown,474.722,93GA3XB
18.564162427496,-33.9626477052602,N2,Primary,Western Cape,0,0,Paved,Unknown,Unknown,474.722,6OTRJQF
18.55922436,-33.961113495,N2,Primary,Western Cape,0,0,Paved,Unknown,Unknown,474.722,2YQQ9WS
18.6309414,-33.887681505,N1,Primary,Western Cape,0,0,Paved,Unknown,Unknown,533.935,6LJRHZ3
18.6257524227146,-33.8883731751647,N1,Primary,Western Cape,0,0,Paved,Unknown,Unknown,533.935,Z2OSI9E
18.6217615799808,-33.8886215100012,N1,Primary,Western Cape,0,0,Paved,Unknown,Unknown,533.935,OVJNYB2
18.6159085200001,-33.888978,N1,Primary,Western Cape,0,0,Paved,Unknown,Unknown,533.935,LNO3W8J
18.6124879802349,-33.8891819849858,N1,Primary,Western Cape,0,0,Paved,Unknown,Unknown,533.935,N90YL69
18.6067650685497,-33.8895364944081,N1,Primary,Western Cape,0,0,Paved,Unknown,Unknown,590.452,QUHOO8R
18.600345,-33.8892795,N1,Primary,Western Cape,0,0,Paved,Unknown,Unknown,590.452,8FIZY1M
18.5960998806953,-33.8872360053565,N1,Primary,Western Cape,0,0,Paved,Unknown,Unknown,590.452,F53D1DI
18.592470563068,-33.8854260248819,N1,Primary,Western Cape,0,0,Paved,Unknown,Unknown,590.452,MJ9YER2
18.5856325023811,-33.8849685028261,N1,Primary,Western Cape,0,0,Paved,Unknown,Unknown,590.452,927BHUF
18.480556470551,-33.9161509644056,M5,Tertiary,Western Cape,0,0,Paved,Unknown,Unknown,461.653,2XKQDM5
18.4811070577877,-33.9161265066601,M5,Tertiary,Western Cape,0,0,Paved,Unknown,Unknown,364.528,1QSGDUE
18.48026142,-33.918903495,M5,Tertiary,Western Cape,0,0,Paved,Unknown,Unknown,311.522,3BMH2Q5
18.4801348804969,-33.9188575037896,M5,Tertiary,Western Cape,0,0,Paved,Unknown,Unknown,307.916,SG89YSS
18.4781474825649,-33.9210270203114,M5,Tertiary,Western Cape,0,0,Paved,Unknown,Unknown,326.982,Q2V2552
18.4765705099535,-33.9233710271805,M5,Tertiary,Western Cape,0,0,Paved,Unknown,Unknown,326.982,JKTV1QW
18.482433475795,-33.9420780231987,M5,Tertiary,Western Cape,0,0,Paved,Unknown,Unknown,409.051,LV4XGT5
18.4836009566375,-33.9453109726666,M5,Tertiary,Western Cape,0,0,Paved,Unknown,Unknown,449.287,396D4HI
18.4850789382727,-33.9482619861939,M5,Tertiary,Western Cape,0,0,Paved,Unknown,Unknown,237.008,NQSL7FX
18.4859333861598,-33.9500754661403,M5,Tertiary,Western Cape,0,0,Paved,Unknown,Unknown,204.209,87QMHBI
18.4765528699967,-33.9258499741769,M5,Tertiary,Western Cape,0,0,Paved,Unknown,Unknown,269.999,IY03OM4
18.4777335007263,-33.927816015642,M5,Tertiary,Western Cape,0,0,Paved,Unknown,Unknown,269.999,5AC6YRF
18.4836969009833,-33.917313014792,N1,Primary,Western Cape,0,0,Unknown,Unknown,Unknown,487.419,YF1XDKK
18.4875589930906,-33.9164869916302,N1,Primary,Western Cape,0,0,Unknown,Unknown,Unknown,487.419,74CTTH5
18.4918075217726,-33.9149629791502,N1,Primary,Western Cape,0,0,Unknown,Unknown,Unknown,487.419,1BB1WRK
18.4956010251069,-33.9128824916842,N1,Primary,Western Cape,0,0,Unknown,Unknown,Unknown,487.419,ETFFDX5
18.4989375110542,-33.9103340003888,N1,Primary,Western Cape,0,0,Unknown,Unknown,Unknown,487.419,8MX4B9C
18.54187398,-33.95423448,N7,Primary,Western Cape,0,0,Unknown,Unknown,Unknown,435.293,WTTU2KQ
18.4794660035292,-33.9306274982467,M5,Tertiary,Western Cape,0,0,Unknown,Unknown,Unknown,432.39,1RWEBRU
18.4802085,-33.934179015,M5,Tertiary,Western Cape,0,0,Unknown,Unknown,Unknown,432.39,JNEJVKK
18.8731575008482,-34.1159375255096,N2,Primary,Western Cape,0,0,Unknown,Unknown,Unknown,548.274,WOSAB94
18.8703385972518,-34.114259693749,N2,Primary,Western Cape,0,0,Unknown,Unknown,Unknown,548.274,GU8ECHB
18.86554602,-34.11141651,N2,Primary,Western Cape,0,0,Unknown,Unknown,Unknown,472.93,YM2J7ZE
18.8610878264208,-34.108772072459,N2,Primary,Western Cape,0,0,Unknown,Unknown,Unknown,472.93,V4ITGH1
18.8586088716297,-34.1072290707012,N2,Primary,Western Cape,0,0,Unknown,Unknown,Unknown,472.93,GWTSM5V
18.8540442935784,-34.1039495880286,N2,Primary,Western Cape,0,0,Unknown,Unknown,Unknown,472.93,YEWTYV9
18.8522082991424,-34.1021931083516,N2,Primary,Western Cape,0,0,Unknown,Unknown,Unknown,472.93,AEY24LO
18.4869464072191,-33.9513984534604,M5,Tertiary,Western Cape,0,0,Unknown,Unknown,Unknown,240.822,0
18.5712325433032,-33.9657930208094,N2,Primary,Western Cape,0,0,Unknown,Unknown,Unknown,217.113,7EHES8A
18.57024702,-33.965030025,N2,Primary,Western Cape,0,0,Unknown,Unknown,Unknown,93.906,FVZ3HQS
18.5861520892427,-33.9685799844018,Unclassified,Tertiary,Western Cape,0,0,Paved,Unknown,Unknown,476.405,2B7HTHS
18.5820019397649,-33.9683173622994,Unclassified,Tertiary,Western Cape,0,0,Paved,Unknown,Unknown,476.405,FKBUC13
18.5777320865883,-33.9680284340998,Unclassified,Tertiary,Western Cape,0,0,Paved,Unknown,Unknown,476.405,S2QPOTD
18.4336531197393,-33.9362174695382,M3,Tertiary,Western Cape,0,0,Paved,Unknown,Unknown,552.042,1Z8XUU9
18.4390909534353,-33.9381250313494,M3,Tertiary,Western Cape,0,0,Paved,Unknown,Unknown,552.042,9VXCPYN
18.4446570716736,-33.938414992025,M3,Tertiary,Western Cape,0,0,Paved,Unknown,Unknown,552.042,FHYWZ07
18.4476391253251,-33.9395955359851,M3,Tertiary,Western Cape,0,0,Paved,Unknown,Unknown,552.042,2NHF7YC
18.4528501493628,-33.9402329950802,M3,Tertiary,Western Cape,0,0,Paved,Unknown,Unknown,552.042,QFRMXC4
18.4577331613332,-33.9417759714273,M3,Tertiary,Western Cape,0,0,Paved,Unknown,Unknown,552.042,LO1OZJ0
18.5731788460955,-33.9671360173418,Unclassified,Tertiary,Western Cape,0,0,Paved,Unknown,Unknown,424.379,J0SM52K
18.5745394715723,-33.9684370932243,Unclassified,Tertiary,Western Cape,0,0,Paved,Unknown,Unknown,189.854,LO3764F
18.5016368400369,-33.9078769997098,Unclassified,Tertiary,Western Cape,0,0,Unknown,Unknown,Unknown,358.667,IEBUIXM
18.5040180036854,-33.9056564814901,Unclassified,Tertiary,Western Cape,0,0,Unknown,Unknown,Unknown,358.667,AQW5HO1
18.5068446335697,-33.9029639881167,Unclassified,Tertiary,Western Cape,0,0,Unknown,Unknown,Unknown,518.047,0GZ5KS3
18.5102955000081,-33.8997209849925,Unclassified,Tertiary,Western Cape,0,0,Unknown,Unknown,Unknown,518.047,MTPU2BE
18.5129479997024,-33.8972696960291,Unclassified,Tertiary,Western Cape,0,0,Unknown,Unknown,Unknown,518.047,4SJWPE0
18.5173891459668,-33.8931747172421,Unclassified,Tertiary,Western Cape,0,0,Unknown,Unknown,Unknown,518.047,UABQ9EK
18.52046946,-33.890373495,Unclassified,Tertiary,Western Cape,0,0,Unknown,Unknown,Unknown,518.047,OCR113O
18.5230822873095,-33.8880147785832,Unclassified,Tertiary,Western Cape,0,0,Unknown,Unknown,Unknown,518.047,CCMG98M
18.5268464768349,-33.8858235081116,Unclassified,Tertiary,Western Cape,0,0,Unknown,Unknown,Unknown,518.047,87Z5O7Q
18.5375586063827,-33.9544339799906,M17,Tertiary,Western Cape,0,0,Unknown,Unknown,Unknown,442.496,7YTZ0EM
18.5348811072471,-33.9535334852814,M17,Tertiary,Western Cape,0,0,Unknown,Unknown,Unknown,442.496,ASFER6E
18.5309571605334,-33.9522188291409,M17,Tertiary,Western Cape,0,0,Unknown,Unknown,Unknown,442.496,QVZKPQD
18.528018046353,-33.9512371010551,M17,Tertiary,Western Cape,0,0,Unknown,Unknown,Unknown,442.496,XS7M5WZ
18.5226890400001,-33.950353995,M17,Tertiary,Western Cape,0,0,Unknown,Unknown,Unknown,479.043,8PA0RQ9
18.5193135,-33.950222505,M17,Tertiary,Western Cape,0,0,Unknown,Unknown,Unknown,479.043,5XWBAKZ
18.5144490841234,-33.9500489876248,M17,Tertiary,Western Cape,0,0,Unknown,Unknown,Unknown,479.043,0TMS99B
18.5101703106392,-33.9499340100294,M17,Tertiary,Western Cape,0,0,Unknown,Unknown,Unknown,479.043,5093ZHY
18.4571175600972,-33.9406245002772,M4,Tertiary,Western Cape,0,0,Unknown,Unknown,Unknown,542.207,OFAXGKF
18.4538739652524,-33.9376639976134,M4,Tertiary,Western Cape,0,0,Unknown,Unknown,Unknown,542.207,M223F8G
18.4490603982389,-33.9354075136397,M4,Tertiary,Western Cape,0,0,Unknown,Unknown,Unknown,542.207,MA3ZWVH
18.4455785002917,-33.9331939738527,M4,Tertiary,Western Cape,0,0,Unknown,Unknown,Unknown,533.597,PRRLPFL
18.4390970384217,-33.9319559695271,M4,Tertiary,Western Cape,0,0,Unknown,Unknown,Unknown,533.597,0ROEFOK
18.4357254515387,-33.930180488219,M4,Tertiary,Western Cape,0,0,Unknown,Unknown,Unknown,533.597,70OVULT
18.4630896015318,-33.9570634787988,M3,Tertiary,Western Cape,0,0,Unknown,Unknown,Unknown,550.645,KVQ5DMG
18.4649254174822,-33.9525390198762,M3,Tertiary,Western Cape,0,0,Unknown,Unknown,Unknown,550.645,I2POO7A
18.4660250404014,-33.9481519662761,M3,Tertiary,Western Cape,0,0,Unknown,Unknown,Unknown,550.645,VXS8NZ1
18.4647445412229,-33.9447235356445,M3,Tertiary,Western Cape,0,0,Unknown,Unknown,Unknown,550.645,0
18.4577146091899,-33.9427599520728,M3,Tertiary,Western Cape,0,0,Unknown,Unknown,Unknown,550.645,0
18.4566458184773,-33.9410681923181,M3,Tertiary,Western Cape,0,0,Unknown,Unknown,Unknown,550.645,9DFWVJX
18.4526871434851,-33.9404515957739,M3,Tertiary,Western Cape,0,0,Unknown,Unknown,Unknown,550.645,K27GB0B
18.4468665869985,-33.9392830182656,M3,Tertiary,Western Cape,0,0,Unknown,Unknown,Unknown,550.645,0
18.4418886507191,-33.9386210143015,M3,Tertiary,Western Cape,0,0,Unknown,Unknown,Unknown,550.645,RWSJ6AY
18.436157982623,-33.9377759921233,M3,Tertiary,Western Cape,0,0,Unknown,Unknown,Unknown,550.645,0
18.4581545291126,-33.9430824839168,M3,Tertiary,Western Cape,0,0,Unknown,Unknown,Unknown,528.544,03RHJ3G
18.4650643994385,-33.9442540485098,M3,Tertiary,Western Cape,0,0,Unknown,Unknown,Unknown,447.393,0QR8FDW
18.4690241588462,-33.9457576081341,M3,Tertiary,Western Cape,0,0,Unknown,Unknown,Unknown,447.393,W70WUF7
18.482846580419,-33.9383809807698,Unclassified,Tertiary,Western Cape,0,0,Unknown,Unknown,Unknown,443.587,YLQRLAD
